{"Epoch": 68, "Val Loss": 0.22026661038398743, "Train Loss": 0.18523915112018585, "_timestamp": 1687386453.6937237, "_runtime": 23515.97834277153, "_step": 67}