{"Epoch": 67, "Val Loss": 0.2439710795879364, "Train Loss": 0.12508633732795715, "_timestamp": 1687386122.1231, "_runtime": 23184.407719135284, "_step": 66}